Pathway,Grade,Course,Notes
Biotechnology,9,Biology CP,
Biotechnology,9,Biology Honors,
Biotechnology,10,Chemistry CP,Required
Biotechnology,10,Chemistry Honors,Required
Biotechnology,11,Biotechnology 1,Required
Biotechnology,11,Physics CP,Choose One
Biotechnology,11,AP Physics 1,Choose One
Biotechnology,11,Environmental Science CP,Choose One
Biotechnology,11,Environmental Science Honors,Choose One
Biotechnology,11,AP Environmental Science,Choose One
Biotechnology,12,Biotechnology 2,Required
Biotechnology,10-12,AP Biology,Any Time
Biotechnology,10-12,Forensic Science,Any Time
Health Sciences,9,Biology CP,
Health Sciences,9,Biology Honors,
Health Sciences,10,Chemistry CP,Required
Health Sciences,10,Chemistry Honors,Required
Health Sciences,10,Dynamics of Healthcare in Society,Required
Health Sciences,11,Anatomy & Physiology 1,Required
Health Sciences,11,Physics CP,Choose One
Health Sciences,11,AP Physics 1,Choose One
Health Sciences,11,Environmental Science CP,Choose One
Health Sciences,11,Environmental Science Honors,Choose One
Health Sciences,11,AP Environmental Science,Choose One
Health Sciences,12,Anatomy & Physiology 2,Required
Health Sciences,11-12,Medical Terminology,Optional (Split Course)
Environmental Sustainability,9,Biology CP,Required
Environmental Sustainability,9,Biology Honors,Required
Environmental Sustainability,10,Natural Resources & Ecology,Required
Environmental Sustainability,10,Chemistry CP,Choose One
Environmental Sustainability,10,Chemistry Honors,Choose One
Environmental Sustainability,10,Physics CP,Choose One
Environmental Sustainability,10,AP Physics 1,Choose One
Environmental Sustainability,10,Intro to Chem/Physics CP,Choose One
Environmental Sustainability,12,Sustainability Science,Required
Environmental Sustainability,10-12,AP Biology,Choose One
Environmental Sustainability,10-12,AP Environmental Science,Choose One
Environmental Sustainability,10-12,Biotechnology,Choose One
Environmental Sustainability,10-12,Technology & Design,Choose One
Environmental Sustainability,10-12,Astronomy,Choose One
Environmental Sustainability,10-12,Natural Disasters,Choose One
