Concentration,Grade,Course
Engineering/Design (Mechanical),9,Technology & Design 1
Engineering/Design (Mechanical),9,Intro to CAD
Engineering/Design (Mechanical),10,Technology & Design 1
Engineering/Design (Mechanical),10,Technology & Design 2
Engineering/Design (Mechanical),10,Intro to CAD
Engineering/Design (Mechanical),10,Engineering & Product Design CAD 2
Engineering/Design (Mechanical),10,Robotics
Engineering/Design (Mechanical),11,Technology & Design 1
Engineering/Design (Mechanical),11,Technology & Design 2
Engineering/Design (Mechanical),11,Technology & Design 3
Engineering/Design (Mechanical),11,Intro to CAD
Engineering/Design (Mechanical),11,Engineering & Product Design CAD 2
Engineering/Design (Mechanical),11,Robotics
Engineering/Design (Mechanical),11,Tech: Today & Tomorrow (S)
Engineering/Design (Mechanical),12,Technology & Design 1
Engineering/Design (Mechanical),12,Technology & Design 2
Engineering/Design (Mechanical),12,Technology & Design 3
Engineering/Design (Mechanical),12,Intro to CAD
Engineering/Design (Mechanical),12,Engineering & Product Design CAD 2
Engineering/Design (Mechanical),12,Robotics
Engineering/Design (Mechanical),12,Tech: Today & Tomorrow (S)
Architecture/Civil Engineering,9,Intro to CAD
Architecture/Civil Engineering,10,Intro to CAD
Architecture/Civil Engineering,10,Architecture CAD 2
Architecture/Civil Engineering,10,Interior Design (S)
Architecture/Civil Engineering,10,Engineering & Product Design CAD 2
Architecture/Civil Engineering,11,Intro to CAD
Architecture/Civil Engineering,11,Architecture CAD 2
Architecture/Civil Engineering,11,Interior Design (S)
Architecture/Civil Engineering,11,Engineering & Product Design CAD 2
Architecture/Civil Engineering,11,Tech: Today & Tomorrow (S)
Architecture/Civil Engineering,12,Intro to CAD
Architecture/Civil Engineering,12,Architecture CAD 2
Architecture/Civil Engineering,12,Interior Design (S)
Architecture/Civil Engineering,12,Engineering & Product Design CAD 2
Architecture/Civil Engineering,12,Tech: Today & Tomorrow (S)
Architecture/Civil Engineering,12,Independent Study
Graphic Design,9,Visual/Graphic Communication 1
Graphic Design,10,Visual/Graphic Communication 1
Graphic Design,10,Visual/Graphic Communication 2
Graphic Design,11,Visual/Graphic Communication 1
Graphic Design,11,Visual/Graphic Communication 2
Graphic Design,12,Visual/Graphic Communication 1
Graphic Design,12,Visual/Graphic Communication 2
Graphic Design,12,Independent Study
Graphic Design,12,Production Graphics
Wood Working/Construction/Stage Theatre,9,Wood Technology 1
Wood Working/Construction/Stage Theatre,9,Stage Craft 1
Wood Working/Construction/Stage Theatre,9,Interior Design (S)
Wood Working/Construction/Stage Theatre,10,Wood Technology 1
Wood Working/Construction/Stage Theatre,10,Wood Technology 2
Wood Working/Construction/Stage Theatre,10,Stage Craft 1
Wood Working/Construction/Stage Theatre,10,Stage Craft 2
Wood Working/Construction/Stage Theatre,10,Interior Design (S)
Wood Working/Construction/Stage Theatre,11,Wood Technology 1
Wood Working/Construction/Stage Theatre,11,Wood Technology 2
Wood Working/Construction/Stage Theatre,11,Stage Craft 1
Wood Working/Construction/Stage Theatre,11,Stage Craft 2
Wood Working/Construction/Stage Theatre,11,Interior Design (S)
Wood Working/Construction/Stage Theatre,11,Tech: Today & Tomorrow (S)
Wood Working/Construction/Stage Theatre,12,Wood Technology 1
Wood Working/Construction/Stage Theatre,12,Wood Technology 2
Wood Working/Construction/Stage Theatre,12,Stage Craft 1
Wood Working/Construction/Stage Theatre,12,Stage Craft 2
Wood Working/Construction/Stage Theatre,12,Interior Design (S)
Wood Working/Construction/Stage Theatre,12,Tech: Today & Tomorrow (S)
Wood Working/Construction/Stage Theatre,12,Independent Study
Transportation/Automotive Technology & Engineering,9,Transportation and Automotive Systems
Transportation/Automotive Technology & Engineering,10,Transportation and Automotive Systems
Transportation/Automotive Technology & Engineering,10,Auto Mechanics
Transportation/Automotive Technology & Engineering,10,Automotive & Power Systems
Transportation/Automotive Technology & Engineering,10,Technology 1
Transportation/Automotive Technology & Engineering,11,Transportation and Automotive Systems
Transportation/Automotive Technology & Engineering,11,Auto Mechanics
Transportation/Automotive Technology & Engineering,11,Automotive & Power Systems
Transportation/Automotive Technology & Engineering,11,Technology 1
Transportation/Automotive Technology & Engineering,11,Technology 2
Transportation/Automotive Technology & Engineering,11,Tech: Today & Tomorrow
Transportation/Automotive Technology & Engineering,12,Transportation and Automotive Systems
Transportation/Automotive Technology & Engineering,12,Auto Mechanics
Transportation/Automotive Technology & Engineering,12,Automotive & Power Systems
Transportation/Automotive Technology & Engineering,12,Technology 1
Transportation/Automotive Technology & Engineering,12,Technology 2
Transportation/Automotive Technology & Engineering,12,Tech: Today & Tomorrow
Electrical/Computer Science/Engineering Design & Robotics,9,Electrical/Computer Science/Engineering
Electrical/Computer Science/Engineering Design & Robotics,9,Computer Programming (Math)
Electrical/Computer Science/Engineering Design & Robotics,10,Electrical/Computer Science/Engineering
Electrical/Computer Science/Engineering Design & Robotics,10,Computer Programming (Math)
Electrical/Computer Science/Engineering Design & Robotics,10,AP Computer Science A (Math)
Electrical/Computer Science/Engineering Design & Robotics,10,Electronics Fabrication
Electrical/Computer Science/Engineering Design & Robotics,10,Electronic Systems
Electrical/Computer Science/Engineering Design & Robotics,10,Robotics
Electrical/Computer Science/Engineering Design & Robotics,11,Electrical/Computer Science/Engineering
Electrical/Computer Science/Engineering Design & Robotics,11,Computer Programming (Math)
Electrical/Computer Science/Engineering Design & Robotics,11,AP Computer Science A (Math)
Electrical/Computer Science/Engineering Design & Robotics,11,AP Computer Science Principles
Electrical/Computer Science/Engineering Design & Robotics,11,AP Computer Science Principles: Engineering
Electrical/Computer Science/Engineering Design & Robotics,11,Electronic Systems
Electrical/Computer Science/Engineering Design & Robotics,11,Robotics
Electrical/Computer Science/Engineering Design & Robotics,11,Tech: Today & Tomorrow (S)
Electrical/Computer Science/Engineering Design & Robotics,11,Technology
Electrical/Computer Science/Engineering Design & Robotics,12,Electrical/Computer Science/Engineering
Electrical/Computer Science/Engineering Design & Robotics,12,Computer Programming (Math)
Electrical/Computer Science/Engineering Design & Robotics,12,AP Computer Science A (Math)
Electrical/Computer Science/Engineering Design & Robotics,12,AP Computer Science Principles
Electrical/Computer Science/Engineering Design & Robotics,12,AP Computer Science Principles: Engineering
Electrical/Computer Science/Engineering Design & Robotics,12,Electronic Systems
Electrical/Computer Science/Engineering Design & Robotics,12,Robotics
Electrical/Computer Science/Engineering Design & Robotics,12,Tech: Today & Tomorrow (S)
Electrical/Computer Science/Engineering Design & Robotics,12,Technology
